SMILES,predictions,target_values
C(CO)O,0.13415024280623236,-2.0969100130080562
CCCCC,1.8833497562895443,1.7481880270062005
O=C=O,1.1514010251627904,3.75780077670853
O1CCOCC1,0.21582587072227155,0.5873367345072561
CC(=O)C,0.9481094072226586,1.380211241711606
CCCCCCCCC,0.19016349994828752,-0.3979400086720376
