SMILES,predictions,target_values
C=O,10382.626684130642,760.0
CCCCC,1166.623850015494,420.0
OCCCC,-819.0150114357439,6.0
CCCCCC,492.1825466019145,124.0
CCCCCCCC,146.17884398605747,10.0
c1ccccc1,7481.928658584991,75.0
