SMILES,predictions,target_values
C(=O)(Cl)Cl,3415.3235998211603,1216.0
c1ccccc1,3415.3235177405877,75.0
CCCCCC,3415.323231501825,124.0
CCOCC,3415.3232609425904,440.0
CCCCCCCCC,3415.323217577039,3.0
OC,3415.3234311744454,96.0
