SMILES,predictions,target_values
CC=O,2.000994925888035,1.9941704563392761
CCCCCC,0.6523185960462885,1.218360421770535
CCOCC,0.747415530191109,1.7683914130944873
CCCCCCCCC,0.12493873687485668,-0.3979400086720376
C=O,2.230222730952314,2.0057523288890913
C(=O)(Cl)Cl,1.652189635268014,2.209872311545016
