SMILES,predictions,target_values
CCCCCC,3263.408350978745,124.0
CCCCC,3263.4083841555694,420.0
CC(C)(C)C,3263.40856856716,1416.0
CC(=O)C,3263.408653433871,180.0
C(=O)(Cl)Cl,3263.4087491689424,1216.0
CC=O,3263.408695826598,740.0
