SMILES,predictions,target_values
c1ccccc1,1.9226817544740504,1.0
CC(=O)C,1.8393777318780773,1.380211241711606
OCCCC,-0.03747468522159725,-0.09691001300805639
CC(C)C(=O)C,1.789354858800969,0.7481880270062004
CCOCC,0.7581018903580945,1.7683914130944873
C=O,2.3081760069505313,2.0057523288890913
