SMILES,predictions,target_values
CCCCCCCCC,1.1329373241089113,-0.3979400086720376
CCCCCCCC,1.151022346482491,0.12493873660829993
CCCCC,1.8091374575838959,1.7481880270062005
CCOCC,0.7346801224671425,1.7683914130944873
CC(C)C(=O)C,1.3028430666862898,0.7481880270062004
CC(C)(C)C,1.3685711332877655,2.27600198996205
