SMILES,predictions,target_values
CCCCCC,1.0462769037420423,1.218360421770535
C(=O)(Cl)Cl,1.7466220550252092,2.209872311545016
CC=O,1.5514336737967445,1.9941704563392761
c1ccccc1,1.2724638169087417,1.0
CC(O)=O,1.5254619264598492,0.16633142176652496
CCCCC,1.5403036437847875,1.7481880270062005
