SMILES,predictions,target_values
OC,0.8832588791847229,1.1072099696478683
C=O,1.0884144306182861,2.0057523288890913
CCCCC,0.7221430838108063,1.7481880270062005
CC(C)(C)C,0.9781049191951752,2.27600198996205
CC=O,1.063240870833397,1.9941704563392761
CCCC,0.733122318983078,2.3175061899448455
