SMILES,predictions,target_values
CC=O,1.0633374513507843,1.9941704563392761
CCCCCC,0.9439535825916354,1.218360421770535
CCOCC,0.6547059154528672,1.7683914130944873
CCCCCCCCC,0.384271434595981,-0.3979400086720376
C=O,1.686682033328391,2.0057523288890913
C(=O)(Cl)Cl,1.547956393005118,2.209872311545016
