SMILES,predictions,target_values
CCCCCC,0.508821953130653,1.218360421770535
C(=O)(Cl)Cl,1.546262237514795,2.209872311545016
CC=O,2.12752561812097,1.9941704563392761
c1ccccc1,1.7479337629434928,1.0
CC(O)=O,1.9331104565390371,0.16633142176652496
CCCCC,1.5671831380011865,1.7481880270062005
