SMILES,predictions,target_values
C(=O)(Cl)Cl,1.688487661254424,2.209872311545016
c1ccccc1,1.2690996128622816,1.0
CCCCCC,0.977971034791776,1.218360421770535
CCOCC,0.6781400358180033,1.7683914130944873
CCCCCCCCC,0.37002398846207085,-0.3979400086720376
OC,1.106874674969471,1.1072099696478683
