SMILES,predictions,target_values
CCCCCCCCC,1.1700476568237501,-0.3979400086720376
CCCCCCCC,1.1700476568237501,0.12493873660829993
CCCCC,1.789049089002282,1.7481880270062005
CCOCC,0.7130587987656659,1.7683914130944873
CC(C)C(=O)C,1.2848344080079148,0.7481880270062004
CC(C)(C)C,1.1683290529850483,2.27600198996205
