SMILES,predictions,target_values
C=O,1.1763519588126954,2.0057523288890913
CCCCC,1.1763519185731361,1.7481880270062005
OCCCC,1.176351849255818,-0.09691001300805639
CCCCCC,1.1763518978297753,1.218360421770535
CCCCCCCC,1.1763518940623712,0.12493873660829993
c1ccccc1,1.1763519353316596,1.0
