SMILES,predictions,target_values
C(=O)(Cl)Cl,1.6954615160227875,2.209872311545016
c1ccccc1,1.1501463120606297,1.0
CCCCCC,0.9918668412724447,1.218360421770535
CCOCC,0.7001517635832619,1.7683914130944873
CCCCCCCCC,0.3633262538345414,-0.3979400086720376
OC,1.0436498898580404,1.1072099696478683
