SMILES,predictions,target_values
CC=O,1.0580435900938805,1.9941704563392761
CCCCCC,0.9606289983095343,1.218360421770535
CCOCC,0.6784376358885587,1.7683914130944873
CCCCCCCCC,0.37736817923628063,-0.3979400086720376
C=O,1.7335052195082166,2.0057523288890913
C(=O)(Cl)Cl,1.5855641022804434,2.209872311545016
