SMILES,predictions,target_values
C(CO)O,463.6879307784134,0.06
CCCCC,463.68794409198745,420.0
O=C=O,463.6879471869929,42940.0
O1CCOCC1,463.68793380893794,29.0
CC(=O)C,463.6879495578587,180.0
CCCCCCCCC,463.68793987200206,3.0
