SMILES,predictions,target_values
CCCCCCCCC,3388.58565907256,3.0
CCCCCCCC,3388.58565907256,10.0
CCCCC,3388.585686585895,420.0
CCOCC,3388.585666177183,440.0
CC(C)C(=O)C,3388.5858878362924,42.0
CC(C)(C)C,3388.585826066148,1416.0
