SMILES,predictions,target_values
c1ccccc1,1.2892900309679554,1.0
CC(=O)C,1.6103910242792694,1.380211241711606
OCCCC,0.4026900652818335,-0.09691001300805639
CC(C)C(=O)C,1.723157155937441,0.7481880270062004
CCOCC,0.9084106691224685,1.7683914130944873
C=O,2.4035332276301395,2.0057523288890913
