SMILES,predictions,target_values
OCC,1.1220836439515551,0.7683914130944873
CCCCCCCC,1.1220734352009458,0.12493873660829993
CCCC,1.1220870501019817,2.3175061899448455
C=O,1.122107166744172,2.0057523288890913
C(CO)O,1.1220672674699017,-2.0969100130080562
O=C=O,1.1221022740191984,3.75780077670853
