SMILES,predictions,target_values
C(=O)(Cl)Cl,1.5549736365796543,2.209872311545016
c1ccccc1,1.8327727737981576,1.0
CCCCCC,0.775195316129921,1.218360421770535
CCOCC,0.6959122690755821,1.7683914130944873
CCCCCCCCC,0.33463017096939174,-0.3979400086720376
OC,0.7473525686125844,1.1072099696478683
