SMILES,predictions,target_values
C(CO)O,0.1851599544406376,-2.0969100130080562
CCCCC,1.8897542492185568,1.7481880270062005
O=C=O,1.128910691051349,3.75780077670853
O1CCOCC1,0.2318574360079172,0.5873367345072561
CC(=O)C,0.9524472441656098,1.380211241711606
CCCCCCCCC,0.19418328947022,-0.3979400086720376
