SMILES,predictions,target_values
CCCCCC,0.8650348363031404,1.218360421770535
CCCCC,1.4757142514806327,1.7481880270062005
CC(C)(C)C,1.1881530066631454,2.27600198996205
CC(=O)C,0.8707186171128265,1.380211241711606
C(=O)(Cl)Cl,1.5876050562829953,2.209872311545016
CC=O,1.1476263010312375,1.9941704563392761
