SMILES,predictions,target_values
C=O,1.3872517827703952,2.0057523288890913
CCCCC,1.164609946460148,1.7481880270062005
OCCCC,0.7324849314665443,-0.09691001300805639
CCCCCC,1.100105908196202,1.218360421770535
CCCCCCCC,1.065957245608299,0.12493873660829993
c1ccccc1,1.3477995037074209,1.0
