SMILES,predictions,target_values
OCC,1.1220813297150016,0.7683914130944873
CCCCCCCC,1.1220677389246703,0.12493873660829993
CCCC,1.12208493948674,2.3175061899448455
C=O,1.1221144474639004,2.0057523288890913
C(CO)O,1.1220634640085336,-2.0969100130080562
O=C=O,1.1221008046122734,3.75780077670853
