SMILES,predictions,target_values
C=O,1.1763519511466853,2.0057523288890913
CCCCC,1.1763519180194297,1.7481880270062005
OCCCC,1.1763518552486367,-0.09691001300805639
CCCCCC,1.1763518972760671,1.218360421770535
CCCCCCCC,1.1763518935086639,0.12493873660829993
c1ccccc1,1.1763519277832852,1.0
