SMILES,predictions,target_values
OC,0.7511851633161759,1.1072099696478683
C=O,1.9719066291860419,2.0057523288890913
CCCCC,0.7456429378656856,1.7481880270062005
CC(C)(C)C,0.8408529872990047,2.27600198996205
CC=O,1.1571221153120652,1.9941704563392761
CCCC,1.0665165679819961,2.3175061899448455
