SMILES,predictions,target_values
CCCCCC,1.0369223748441665,1.218360421770535
C(=O)(Cl)Cl,1.7249056586625335,2.209872311545016
CC=O,1.6011622902037792,1.9941704563392761
c1ccccc1,1.4101335342477594,1.0
CC(O)=O,1.5842288076897617,0.16633142176652496
CCCCC,1.544076515611681,1.7481880270062005
