SMILES,predictions,target_values
CCCCCCCCC,1.1516453901629606,-0.3979400086720376
CCCCCCCC,1.1606790493898993,0.12493873660829993
CCCCC,1.8242089761903206,1.7481880270062005
CCOCC,0.71550895213247,1.7683914130944873
CC(C)C(=O)C,1.3213696524408367,0.7481880270062004
CC(C)(C)C,1.395351042605788,2.27600198996205
