SMILES,predictions,target_values
c1ccccc1,3447.309356760379,75.0
CC(=O)C,3447.30936815968,180.0
OCCCC,3447.3089784036565,6.0
CC(C)C(=O)C,3447.3093637522543,42.0
CCOCC,3447.309104703745,440.0
C=O,3447.3094676642795,760.0
