SMILES,predictions,target_values
CCCCCC,0.8794935707910206,1.218360421770535
CCCCC,1.4656474115427536,1.7481880270062005
CC(C)(C)C,1.1602708461085771,2.27600198996205
CC(=O)C,0.8412054408179352,1.380211241711606
C(=O)(Cl)Cl,1.621403003284,2.209872311545016
CC=O,1.0872955990665145,1.9941704563392761
