SMILES,predictions,target_values
OC,3496.293143219431,96.0
C=O,4909.475720563554,760.0
CCCCC,2263.0407665346283,420.0
CC(C)(C)C,3322.6073595840135,1416.0
CC=O,4444.4562299138925,740.0
CCCC,2436.9074558955326,1558.0
