SMILES,predictions,target_values
CC=O,9355.971908656667,740.0
CCCCCC,298.947135899939,124.0
CCOCC,460.0265439212951,440.0
CCCCCCCCC,93.34640159903756,3.0
C=O,14703.514645845813,760.0
C(=O)(Cl)Cl,10892.631557703065,1216.0
