SMILES,predictions,target_values
CCCCCC,466.8145580813307,124.0
C(=O)(Cl)Cl,6706.102427007467,1216.0
CC=O,6975.033202499011,740.0
c1ccccc1,5359.432870922926,75.0
CC(O)=O,17111.311455790576,11.0
CCCCC,1206.4847517703756,420.0
