SMILES,predictions,target_values
C(CO)O,0.18403318915760453,-2.0969100130080562
CCCCC,1.955396345701418,1.7481880270062005
O=C=O,1.0327878719981163,3.75780077670853
O1CCOCC1,0.14719957145063362,0.5873367345072561
CC(=O)C,1.0561806598198344,1.380211241711606
CCCCCCCCC,0.12493873714754233,-0.3979400086720376
