SMILES,predictions,target_values
OC,0.8586237779640804,1.1072099696478683
C=O,1.9205676395246218,2.0057523288890913
CCCCC,0.7725018772751246,1.7481880270062005
CC(C)(C)C,0.8930014390530819,2.27600198996205
CC=O,1.2130353232837394,1.9941704563392761
CCCC,1.0861406677314924,2.3175061899448455
