SMILES,predictions,target_values
OCC,188.9922128681402,44.0
CCCCCCCC,3.0000000605040213,10.0
CCCC,460.0463186283953,1558.0
C=O,653.5819958234488,760.0
C(CO)O,38.48728181727574,0.06
O=C=O,397.9474452604875,42940.0
