SMILES,predictions,target_values
c1ccccc1,1.4096399977015945,1.0
CC(=O)C,1.6480181622750791,1.380211241711606
OCCCC,0.42484483062050216,-0.09691001300805639
CC(C)C(=O)C,1.7602639282056942,0.7481880270062004
CCOCC,0.8871171576759601,1.7683914130944873
C=O,2.3943099687547855,2.0057523288890913
