SMILES,predictions,target_values
CCCCCC,0.49661497391562004,1.218360421770535
CCCCC,1.5356913648487887,1.7481880270062005
CC(C)(C)C,0.955617373178204,2.27600198996205
CC(=O)C,1.1265772923243647,1.380211241711606
C(=O)(Cl)Cl,1.4651656615740976,2.209872311545016
CC=O,1.7889800925004318,1.9941704563392761
