SMILES,predictions,target_values
OCC,1.122081147685094,0.7683914130944873
CCCCCCCC,1.1220675568984007,0.12493873660829993
CCCC,1.1220847574550135,2.3175061899448455
C=O,1.122116196582283,2.0057523288890913
C(CO)O,1.1220608141738921,-2.0969100130080562
O=C=O,1.1221025537379319,3.75780077670853
